,artifact,prop,prop_mean
0,artifact0,300,300.0
1,artifact1,301,301.0
10,artifact10,310,310.0
100,artifact100,400,400.0
1000,artifact1000,1300,1300.0
1001,artifact1001,1301,1301.0
1002,artifact1002,1302,1302.0
1003,artifact1003,1303,1303.0
1004,artifact1004,1304,1304.0
1005,artifact1005,1305,1305.0
1006,artifact1006,1306,1306.0
1007,artifact1007,1307,1307.0
1008,artifact1008,1308,1308.0
1009,artifact1009,1309,1309.0
101,artifact101,401,401.0
1010,artifact1010,1310,1310.0
1011,artifact1011,1311,1311.0
1012,artifact1012,1312,1312.0
1013,artifact1013,1313,1313.0
1014,artifact1014,1314,1314.0
1015,artifact1015,1315,1315.0
1016,artifact1016,1316,1316.0
1017,artifact1017,1317,1317.0
1018,artifact1018,1318,1318.0
1019,artifact1019,1319,1319.0
102,artifact102,402,402.0
1020,artifact1020,1320,1320.0
1021,artifact1021,1321,1321.0
1022,artifact1022,1322,1322.0
1023,artifact1023,1323,1323.0
1024,artifact1024,1324,1324.0
1025,artifact1025,1325,1325.0
1026,artifact1026,1326,1326.0
1027,artifact1027,1327,1327.0
1028,artifact1028,1328,1328.0
1029,artifact1029,1329,1329.0
103,artifact103,403,403.0
1030,artifact1030,1330,1330.0
1031,artifact1031,1331,1331.0
1032,artifact1032,1332,1332.0
1033,artifact1033,1333,1333.0
1034,artifact1034,1334,1334.0
1035,artifact1035,1335,1335.0
1036,artifact1036,1336,1336.0
1037,artifact1037,1337,1337.0
1038,artifact1038,1338,1338.0
1039,artifact1039,1339,1339.0
104,artifact104,404,404.0
1040,artifact1040,1340,1340.0
1041,artifact1041,1341,1341.0
1042,artifact1042,1342,1342.0
1043,artifact1043,1343,1343.0
1044,artifact1044,1344,1344.0
1045,artifact1045,1345,1345.0
1046,artifact1046,1346,1346.0
1047,artifact1047,1347,1347.0
1048,artifact1048,1348,1348.0
1049,artifact1049,1349,1349.0
105,artifact105,405,405.0
1050,artifact1050,1350,1350.0
1051,artifact1051,1351,1351.0
1052,artifact1052,1352,1352.0
1053,artifact1053,1353,1353.0
1054,artifact1054,1354,1354.0
1055,artifact1055,1355,1355.0
1056,artifact1056,1356,1356.0
1057,artifact1057,1357,1357.0
1058,artifact1058,1358,1358.0
1059,artifact1059,1359,1359.0
106,artifact106,406,406.0
1060,artifact1060,1360,1360.0
1061,artifact1061,1361,1361.0
1062,artifact1062,1362,1362.0
1063,artifact1063,1363,1363.0
1064,artifact1064,1364,1364.0
1065,artifact1065,1365,1365.0
1066,artifact1066,1366,1366.0
1067,artifact1067,1367,1367.0
1068,artifact1068,1368,1368.0
1069,artifact1069,1369,1369.0
107,artifact107,407,407.0
1070,artifact1070,1370,1370.0
1071,artifact1071,1371,1371.0
1072,artifact1072,1372,1372.0
1073,artifact1073,1373,1373.0
1074,artifact1074,1374,1374.0
1075,artifact1075,1375,1375.0
1076,artifact1076,1376,1376.0
1077,artifact1077,1377,1377.0
1078,artifact1078,1378,1378.0
1079,artifact1079,1379,1379.0
108,artifact108,408,408.0
1080,artifact1080,1380,1380.0
1081,artifact1081,1381,1381.0
1082,artifact1082,1382,1382.0
1083,artifact1083,1383,1383.0
1084,artifact1084,1384,1384.0
1085,artifact1085,1385,1385.0
1086,artifact1086,1386,1386.0
1087,artifact1087,1387,1387.0
1088,artifact1088,1388,1388.0
1089,artifact1089,1389,1389.0
109,artifact109,409,409.0
1090,artifact1090,1390,1390.0
1091,artifact1091,1391,1391.0
1092,artifact1092,1392,1392.0
1093,artifact1093,1393,1393.0
1094,artifact1094,1394,1394.0
1095,artifact1095,1395,1395.0
1096,artifact1096,1396,1396.0
1097,artifact1097,1397,1397.0
1098,artifact1098,1398,1398.0
1099,artifact1099,1399,1399.0
11,artifact11,311,311.0
110,artifact110,410,410.0
1100,artifact1100,1400,1400.0
1101,artifact1101,1401,1401.0
1102,artifact1102,1402,1402.0
1103,artifact1103,1403,1403.0
1104,artifact1104,1404,1404.0
1105,artifact1105,1405,1405.0
1106,artifact1106,1406,1406.0
1107,artifact1107,1407,1407.0
1108,artifact1108,1408,1408.0
1109,artifact1109,1409,1409.0
111,artifact111,411,411.0
1110,artifact1110,1410,1410.0
1111,artifact1111,1411,1411.0
1112,artifact1112,1412,1412.0
1113,artifact1113,1413,1413.0
1114,artifact1114,1414,1414.0
1115,artifact1115,1415,1415.0
1116,artifact1116,1416,1416.0
1117,artifact1117,1417,1417.0
1118,artifact1118,1418,1418.0
1119,artifact1119,1419,1419.0
112,artifact112,412,412.0
1120,artifact1120,1420,1420.0
1121,artifact1121,1421,1421.0
1122,artifact1122,1422,1422.0
1123,artifact1123,1423,1423.0
1124,artifact1124,1424,1424.0
1125,artifact1125,1425,1425.0
1126,artifact1126,1426,1426.0
1127,artifact1127,1427,1427.0
1128,artifact1128,1428,1428.0
1129,artifact1129,1429,1429.0
113,artifact113,413,413.0
1130,artifact1130,1430,1430.0
1131,artifact1131,1431,1431.0
1132,artifact1132,1432,1432.0
1133,artifact1133,1433,1433.0
1134,artifact1134,1434,1434.0
1135,artifact1135,1435,1435.0
1136,artifact1136,1436,1436.0
1137,artifact1137,1437,1437.0
1138,artifact1138,1438,1438.0
1139,artifact1139,1439,1439.0
114,artifact114,414,414.0
1140,artifact1140,1440,1440.0
1141,artifact1141,1441,1441.0
1142,artifact1142,1442,1442.0
1143,artifact1143,1443,1443.0
1144,artifact1144,1444,1444.0
1145,artifact1145,1445,1445.0
1146,artifact1146,1446,1446.0
1147,artifact1147,1447,1447.0
1148,artifact1148,1448,1448.0
1149,artifact1149,1449,1449.0
115,artifact115,415,415.0
1150,artifact1150,1450,1450.0
1151,artifact1151,1451,1451.0
1152,artifact1152,1452,1452.0
1153,artifact1153,1453,1453.0
1154,artifact1154,1454,1454.0
1155,artifact1155,1455,1455.0
1156,artifact1156,1456,1456.0
1157,artifact1157,1457,1457.0
1158,artifact1158,1458,1458.0
1159,artifact1159,1459,1459.0
116,artifact116,416,416.0
1160,artifact1160,1460,1460.0
1161,artifact1161,1461,1461.0
1162,artifact1162,1462,1462.0
1163,artifact1163,1463,1463.0
1164,artifact1164,1464,1464.0
1165,artifact1165,1465,1465.0
1166,artifact1166,1466,1466.0
1167,artifact1167,1467,1467.0
1168,artifact1168,1468,1468.0
1169,artifact1169,1469,1469.0
117,artifact117,417,417.0
1170,artifact1170,1470,1470.0
1171,artifact1171,1471,1471.0
1172,artifact1172,1472,1472.0
1173,artifact1173,1473,1473.0
1174,artifact1174,1474,1474.0
1175,artifact1175,1475,1475.0
1176,artifact1176,1476,1476.0
1177,artifact1177,1477,1477.0
1178,artifact1178,1478,1478.0
1179,artifact1179,1479,1479.0
118,artifact118,418,418.0
1180,artifact1180,1480,1480.0
1181,artifact1181,1481,1481.0
1182,artifact1182,1482,1482.0
1183,artifact1183,1483,1483.0
1184,artifact1184,1484,1484.0
1185,artifact1185,1485,1485.0
1186,artifact1186,1486,1486.0
1187,artifact1187,1487,1487.0
1188,artifact1188,1488,1488.0
1189,artifact1189,1489,1489.0
119,artifact119,419,419.0
1190,artifact1190,1490,1490.0
1191,artifact1191,1491,1491.0
1192,artifact1192,1492,1492.0
1193,artifact1193,1493,1493.0
1194,artifact1194,1494,1494.0
1195,artifact1195,1495,1495.0
1196,artifact1196,1496,1496.0
1197,artifact1197,1497,1497.0
1198,artifact1198,1498,1498.0
1199,artifact1199,1499,1499.0
12,artifact12,312,312.0
120,artifact120,420,420.0
1200,artifact1200,1500,1500.0
1201,artifact1201,1501,1501.0
1202,artifact1202,1502,1502.0
1203,artifact1203,1503,1503.0
1204,artifact1204,1504,1504.0
1205,artifact1205,1505,1505.0
1206,artifact1206,1506,1506.0
1207,artifact1207,1507,1507.0
1208,artifact1208,1508,1508.0
1209,artifact1209,1509,1509.0
121,artifact121,421,421.0
1210,artifact1210,1510,1510.0
1211,artifact1211,1511,1511.0
1212,artifact1212,1512,1512.0
1213,artifact1213,1513,1513.0
1214,artifact1214,1514,1514.0
1215,artifact1215,1515,1515.0
1216,artifact1216,1516,1516.0
1217,artifact1217,1517,1517.0
1218,artifact1218,1518,1518.0
1219,artifact1219,1519,1519.0
122,artifact122,422,422.0
1220,artifact1220,1520,1520.0
1221,artifact1221,1521,1521.0
1222,artifact1222,1522,1522.0
1223,artifact1223,1523,1523.0
1224,artifact1224,1524,1524.0
1225,artifact1225,1525,1525.0
1226,artifact1226,1526,1526.0
1227,artifact1227,1527,1527.0
1228,artifact1228,1528,1528.0
1229,artifact1229,1529,1529.0
123,artifact123,423,423.0
1230,artifact1230,1530,1530.0
1231,artifact1231,1531,1531.0
1232,artifact1232,1532,1532.0
1233,artifact1233,1533,1533.0
1234,artifact1234,1534,1534.0
1235,artifact1235,1535,1535.0
1236,artifact1236,1536,1536.0
1237,artifact1237,1537,1537.0
1238,artifact1238,1538,1538.0
1239,artifact1239,1539,1539.0
124,artifact124,424,424.0
1240,artifact1240,1540,1540.0
1241,artifact1241,1541,1541.0
1242,artifact1242,1542,1542.0
1243,artifact1243,1543,1543.0
1244,artifact1244,1544,1544.0
1245,artifact1245,1545,1545.0
1246,artifact1246,1546,1546.0
1247,artifact1247,1547,1547.0
1248,artifact1248,1548,1548.0
1249,artifact1249,1549,1549.0
125,artifact125,425,425.0
1250,artifact1250,1550,1550.0
1251,artifact1251,1551,1551.0
1252,artifact1252,1552,1552.0
1253,artifact1253,1553,1553.0
1254,artifact1254,1554,1554.0
1255,artifact1255,1555,1555.0
1256,artifact1256,1556,1556.0
1257,artifact1257,1557,1557.0
1258,artifact1258,1558,1558.0
1259,artifact1259,1559,1559.0
126,artifact126,426,426.0
1260,artifact1260,1560,1560.0
1261,artifact1261,1561,1561.0
1262,artifact1262,1562,1562.0
1263,artifact1263,1563,1563.0
1264,artifact1264,1564,1564.0
1265,artifact1265,1565,1565.0
1266,artifact1266,1566,1566.0
1267,artifact1267,1567,1567.0
1268,artifact1268,1568,1568.0
1269,artifact1269,1569,1569.0
127,artifact127,427,427.0
1270,artifact1270,1570,1570.0
1271,artifact1271,1571,1571.0
1272,artifact1272,1572,1572.0
1273,artifact1273,1573,1573.0
1274,artifact1274,1574,1574.0
1275,artifact1275,1575,1575.0
1276,artifact1276,1576,1576.0
1277,artifact1277,1577,1577.0
1278,artifact1278,1578,1578.0
1279,artifact1279,1579,1579.0
128,artifact128,428,428.0
1280,artifact1280,1580,1580.0
1281,artifact1281,1581,1581.0
1282,artifact1282,1582,1582.0
1283,artifact1283,1583,1583.0
1284,artifact1284,1584,1584.0
1285,artifact1285,1585,1585.0
1286,artifact1286,1586,1586.0
1287,artifact1287,1587,1587.0
1288,artifact1288,1588,1588.0
1289,artifact1289,1589,1589.0
129,artifact129,429,429.0
1290,artifact1290,1590,1590.0
1291,artifact1291,1591,1591.0
1292,artifact1292,1592,1592.0
1293,artifact1293,1593,1593.0
1294,artifact1294,1594,1594.0
1295,artifact1295,1595,1595.0
1296,artifact1296,1596,1596.0
1297,artifact1297,1597,1597.0
1298,artifact1298,1598,1598.0
1299,artifact1299,1599,1599.0
13,artifact13,313,313.0
130,artifact130,430,430.0
1300,artifact1300,1600,1600.0
1301,artifact1301,1601,1601.0
1302,artifact1302,1602,1602.0
1303,artifact1303,1603,1603.0
1304,artifact1304,1604,1604.0
1305,artifact1305,1605,1605.0
1306,artifact1306,1606,1606.0
1307,artifact1307,1607,1607.0
1308,artifact1308,1608,1608.0
1309,artifact1309,1609,1609.0
131,artifact131,431,431.0
1310,artifact1310,1610,1610.0
1311,artifact1311,1611,1611.0
1312,artifact1312,1612,1612.0
1313,artifact1313,1613,1613.0
1314,artifact1314,1614,1614.0
1315,artifact1315,1615,1615.0
1316,artifact1316,1616,1616.0
1317,artifact1317,1617,1617.0
1318,artifact1318,1618,1618.0
1319,artifact1319,1619,1619.0
132,artifact132,432,432.0
1320,artifact1320,1620,1620.0
1321,artifact1321,1621,1621.0
1322,artifact1322,1622,1622.0
1323,artifact1323,1623,1623.0
1324,artifact1324,1624,1624.0
1325,artifact1325,1625,1625.0
1326,artifact1326,1626,1626.0
1327,artifact1327,1627,1627.0
1328,artifact1328,1628,1628.0
1329,artifact1329,1629,1629.0
133,artifact133,433,433.0
1330,artifact1330,1630,1630.0
1331,artifact1331,1631,1631.0
1332,artifact1332,1632,1632.0
1333,artifact1333,1633,1633.0
1334,artifact1334,1634,1634.0
1335,artifact1335,1635,1635.0
1336,artifact1336,1636,1636.0
1337,artifact1337,1637,1637.0
1338,artifact1338,1638,1638.0
1339,artifact1339,1639,1639.0
134,artifact134,434,434.0
1340,artifact1340,1640,1640.0
1341,artifact1341,1641,1641.0
1342,artifact1342,1642,1642.0
1343,artifact1343,1643,1643.0
1344,artifact1344,1644,1644.0
1345,artifact1345,1645,1645.0
1346,artifact1346,1646,1646.0
1347,artifact1347,1647,1647.0
1348,artifact1348,1648,1648.0
1349,artifact1349,1649,1649.0
135,artifact135,435,435.0
1350,artifact1350,1650,1650.0
1351,artifact1351,1651,1651.0
1352,artifact1352,1652,1652.0
1353,artifact1353,1653,1653.0
1354,artifact1354,1654,1654.0
1355,artifact1355,1655,1655.0
1356,artifact1356,1656,1656.0
1357,artifact1357,1657,1657.0
1358,artifact1358,1658,1658.0
1359,artifact1359,1659,1659.0
136,artifact136,436,436.0
1360,artifact1360,1660,1660.0
1361,artifact1361,1661,1661.0
1362,artifact1362,1662,1662.0
1363,artifact1363,1663,1663.0
1364,artifact1364,1664,1664.0
1365,artifact1365,1665,1665.0
1366,artifact1366,1666,1666.0
1367,artifact1367,1667,1667.0
1368,artifact1368,1668,1668.0
1369,artifact1369,1669,1669.0
137,artifact137,437,437.0
1370,artifact1370,1670,1670.0
1371,artifact1371,1671,1671.0
1372,artifact1372,1672,1672.0
1373,artifact1373,1673,1673.0
1374,artifact1374,1674,1674.0
1375,artifact1375,1675,1675.0
1376,artifact1376,1676,1676.0
1377,artifact1377,1677,1677.0
1378,artifact1378,1678,1678.0
1379,artifact1379,1679,1679.0
138,artifact138,438,438.0
1380,artifact1380,1680,1680.0
1381,artifact1381,1681,1681.0
1382,artifact1382,1682,1682.0
1383,artifact1383,1683,1683.0
1384,artifact1384,1684,1684.0
1385,artifact1385,1685,1685.0
1386,artifact1386,1686,1686.0
1387,artifact1387,1687,1687.0
1388,artifact1388,1688,1688.0
1389,artifact1389,1689,1689.0
139,artifact139,439,439.0
1390,artifact1390,1690,1690.0
1391,artifact1391,1691,1691.0
1392,artifact1392,1692,1692.0
1393,artifact1393,1693,1693.0
1394,artifact1394,1694,1694.0
1395,artifact1395,1695,1695.0
1396,artifact1396,1696,1696.0
1397,artifact1397,1697,1697.0
1398,artifact1398,1698,1698.0
1399,artifact1399,1699,1699.0
14,artifact14,314,314.0
140,artifact140,440,440.0
1400,artifact1400,1700,1700.0
1401,artifact1401,1701,1701.0
1402,artifact1402,1702,1702.0
1403,artifact1403,1703,1703.0
1404,artifact1404,1704,1704.0
1405,artifact1405,1705,1705.0
1406,artifact1406,1706,1706.0
1407,artifact1407,1707,1707.0
1408,artifact1408,1708,1708.0
1409,artifact1409,1709,1709.0
141,artifact141,441,441.0
1410,artifact1410,1710,1710.0
1411,artifact1411,1711,1711.0
1412,artifact1412,1712,1712.0
1413,artifact1413,1713,1713.0
1414,artifact1414,1714,1714.0
1415,artifact1415,1715,1715.0
1416,artifact1416,1716,1716.0
1417,artifact1417,1717,1717.0
1418,artifact1418,1718,1718.0
1419,artifact1419,1719,1719.0
142,artifact142,442,442.0
1420,artifact1420,1720,1720.0
1421,artifact1421,1721,1721.0
1422,artifact1422,1722,1722.0
1423,artifact1423,1723,1723.0
1424,artifact1424,1724,1724.0
1425,artifact1425,1725,1725.0
1426,artifact1426,1726,1726.0
1427,artifact1427,1727,1727.0
1428,artifact1428,1728,1728.0
1429,artifact1429,1729,1729.0
143,artifact143,443,443.0
1430,artifact1430,1730,1730.0
1431,artifact1431,1731,1731.0
1432,artifact1432,1732,1732.0
1433,artifact1433,1733,1733.0
1434,artifact1434,1734,1734.0
1435,artifact1435,1735,1735.0
1436,artifact1436,1736,1736.0
1437,artifact1437,1737,1737.0
1438,artifact1438,1738,1738.0
1439,artifact1439,1739,1739.0
144,artifact144,444,444.0
1440,artifact1440,1740,1740.0
1441,artifact1441,1741,1741.0
1442,artifact1442,1742,1742.0
1443,artifact1443,1743,1743.0
1444,artifact1444,1744,1744.0
1445,artifact1445,1745,1745.0
1446,artifact1446,1746,1746.0
1447,artifact1447,1747,1747.0
1448,artifact1448,1748,1748.0
1449,artifact1449,1749,1749.0
145,artifact145,445,445.0
1450,artifact1450,1750,1750.0
1451,artifact1451,1751,1751.0
1452,artifact1452,1752,1752.0
1453,artifact1453,1753,1753.0
1454,artifact1454,1754,1754.0
1455,artifact1455,1755,1755.0
1456,artifact1456,1756,1756.0
1457,artifact1457,1757,1757.0
1458,artifact1458,1758,1758.0
1459,artifact1459,1759,1759.0
146,artifact146,446,446.0
1460,artifact1460,1760,1760.0
1461,artifact1461,1761,1761.0
1462,artifact1462,1762,1762.0
1463,artifact1463,1763,1763.0
1464,artifact1464,1764,1764.0
1465,artifact1465,1765,1765.0
1466,artifact1466,1766,1766.0
1467,artifact1467,1767,1767.0
1468,artifact1468,1768,1768.0
1469,artifact1469,1769,1769.0
147,artifact147,447,447.0
1470,artifact1470,1770,1770.0
1471,artifact1471,1771,1771.0
1472,artifact1472,1772,1772.0
1473,artifact1473,1773,1773.0
1474,artifact1474,1774,1774.0
1475,artifact1475,1775,1775.0
1476,artifact1476,1776,1776.0
1477,artifact1477,1777,1777.0
1478,artifact1478,1778,1778.0
1479,artifact1479,1779,1779.0
148,artifact148,448,448.0
1480,artifact1480,1780,1780.0
1481,artifact1481,1781,1781.0
1482,artifact1482,1782,1782.0
1483,artifact1483,1783,1783.0
1484,artifact1484,1784,1784.0
1485,artifact1485,1785,1785.0
1486,artifact1486,1786,1786.0
1487,artifact1487,1787,1787.0
1488,artifact1488,1788,1788.0
1489,artifact1489,1789,1789.0
149,artifact149,449,449.0
1490,artifact1490,1790,1790.0
1491,artifact1491,1791,1791.0
1492,artifact1492,1792,1792.0
1493,artifact1493,1793,1793.0
1494,artifact1494,1794,1794.0
1495,artifact1495,1795,1795.0
1496,artifact1496,1796,1796.0
1497,artifact1497,1797,1797.0
1498,artifact1498,1798,1798.0
1499,artifact1499,1799,1799.0
15,artifact15,315,315.0
150,artifact150,450,450.0
1500,artifact1500,1800,1800.0
1501,artifact1501,1801,1801.0
1502,artifact1502,1802,1802.0
1503,artifact1503,1803,1803.0
1504,artifact1504,1804,1804.0
1505,artifact1505,1805,1805.0
1506,artifact1506,1806,1806.0
1507,artifact1507,1807,1807.0
1508,artifact1508,1808,1808.0
1509,artifact1509,1809,1809.0
151,artifact151,451,451.0
1510,artifact1510,1810,1810.0
1511,artifact1511,1811,1811.0
1512,artifact1512,1812,1812.0
1513,artifact1513,1813,1813.0
1514,artifact1514,1814,1814.0
1515,artifact1515,1815,1815.0
1516,artifact1516,1816,1816.0
1517,artifact1517,1817,1817.0
1518,artifact1518,1818,1818.0
1519,artifact1519,1819,1819.0
152,artifact152,452,452.0
1520,artifact1520,1820,1820.0
1521,artifact1521,1821,1821.0
1522,artifact1522,1822,1822.0
1523,artifact1523,1823,1823.0
1524,artifact1524,1824,1824.0
1525,artifact1525,1825,1825.0
1526,artifact1526,1826,1826.0
1527,artifact1527,1827,1827.0
1528,artifact1528,1828,1828.0
1529,artifact1529,1829,1829.0
153,artifact153,453,453.0
1530,artifact1530,1830,1830.0
1531,artifact1531,1831,1831.0
1532,artifact1532,1832,1832.0
1533,artifact1533,1833,1833.0
1534,artifact1534,1834,1834.0
1535,artifact1535,1835,1835.0
1536,artifact1536,1836,1836.0
1537,artifact1537,1837,1837.0
1538,artifact1538,1838,1838.0
1539,artifact1539,1839,1839.0
154,artifact154,454,454.0
1540,artifact1540,1840,1840.0
1541,artifact1541,1841,1841.0
1542,artifact1542,1842,1842.0
1543,artifact1543,1843,1843.0
1544,artifact1544,1844,1844.0
1545,artifact1545,1845,1845.0
1546,artifact1546,1846,1846.0
1547,artifact1547,1847,1847.0
1548,artifact1548,1848,1848.0
1549,artifact1549,1849,1849.0
155,artifact155,455,455.0
1550,artifact1550,1850,1850.0
1551,artifact1551,1851,1851.0
1552,artifact1552,1852,1852.0
1553,artifact1553,1853,1853.0
1554,artifact1554,1854,1854.0
1555,artifact1555,1855,1855.0
1556,artifact1556,1856,1856.0
1557,artifact1557,1857,1857.0
1558,artifact1558,1858,1858.0
1559,artifact1559,1859,1859.0
156,artifact156,456,456.0
1560,artifact1560,1860,1860.0
1561,artifact1561,1861,1861.0
1562,artifact1562,1862,1862.0
1563,artifact1563,1863,1863.0
1564,artifact1564,1864,1864.0
1565,artifact1565,1865,1865.0
1566,artifact1566,1866,1866.0
1567,artifact1567,1867,1867.0
1568,artifact1568,1868,1868.0
1569,artifact1569,1869,1869.0
157,artifact157,457,457.0
1570,artifact1570,1870,1870.0
1571,artifact1571,1871,1871.0
1572,artifact1572,1872,1872.0
1573,artifact1573,1873,1873.0
1574,artifact1574,1874,1874.0
1575,artifact1575,1875,1875.0
1576,artifact1576,1876,1876.0
1577,artifact1577,1877,1877.0
1578,artifact1578,1878,1878.0
1579,artifact1579,1879,1879.0
158,artifact158,458,458.0
1580,artifact1580,1880,1880.0
1581,artifact1581,1881,1881.0
1582,artifact1582,1882,1882.0
1583,artifact1583,1883,1883.0
1584,artifact1584,1884,1884.0
1585,artifact1585,1885,1885.0
1586,artifact1586,1886,1886.0
1587,artifact1587,1887,1887.0
1588,artifact1588,1888,1888.0
1589,artifact1589,1889,1889.0
159,artifact159,459,459.0
1590,artifact1590,1890,1890.0
1591,artifact1591,1891,1891.0
1592,artifact1592,1892,1892.0
1593,artifact1593,1893,1893.0
1594,artifact1594,1894,1894.0
1595,artifact1595,1895,1895.0
1596,artifact1596,1896,1896.0
1597,artifact1597,1897,1897.0
1598,artifact1598,1898,1898.0
1599,artifact1599,1899,1899.0
16,artifact16,316,316.0
160,artifact160,460,460.0
1600,artifact1600,1900,1900.0
1601,artifact1601,1901,1901.0
1602,artifact1602,1902,1902.0
1603,artifact1603,1903,1903.0
1604,artifact1604,1904,1904.0
1605,artifact1605,1905,1905.0
1606,artifact1606,1906,1906.0
1607,artifact1607,1907,1907.0
1608,artifact1608,1908,1908.0
1609,artifact1609,1909,1909.0
161,artifact161,461,461.0
1610,artifact1610,1910,1910.0
1611,artifact1611,1911,1911.0
1612,artifact1612,1912,1912.0
1613,artifact1613,1913,1913.0
1614,artifact1614,1914,1914.0
1615,artifact1615,1915,1915.0
1616,artifact1616,1916,1916.0
1617,artifact1617,1917,1917.0
1618,artifact1618,1918,1918.0
1619,artifact1619,1919,1919.0
162,artifact162,462,462.0
1620,artifact1620,1920,1920.0
1621,artifact1621,1921,1921.0
1622,artifact1622,1922,1922.0
1623,artifact1623,1923,1923.0
1624,artifact1624,1924,1924.0
1625,artifact1625,1925,1925.0
1626,artifact1626,1926,1926.0
1627,artifact1627,1927,1927.0
1628,artifact1628,1928,1928.0
1629,artifact1629,1929,1929.0
163,artifact163,463,463.0
1630,artifact1630,1930,1930.0
1631,artifact1631,1931,1931.0
1632,artifact1632,1932,1932.0
1633,artifact1633,1933,1933.0
1634,artifact1634,1934,1934.0
1635,artifact1635,1935,1935.0
1636,artifact1636,1936,1936.0
1637,artifact1637,1937,1937.0
1638,artifact1638,1938,1938.0
1639,artifact1639,1939,1939.0
164,artifact164,464,464.0
1640,artifact1640,1940,1940.0
1641,artifact1641,1941,1941.0
1642,artifact1642,1942,1942.0
1643,artifact1643,1943,1943.0
1644,artifact1644,1944,1944.0
1645,artifact1645,1945,1945.0
1646,artifact1646,1946,1946.0
1647,artifact1647,1947,1947.0
1648,artifact1648,1948,1948.0
1649,artifact1649,1949,1949.0
165,artifact165,465,465.0
1650,artifact1650,1950,1950.0
1651,artifact1651,1951,1951.0
1652,artifact1652,1952,1952.0
1653,artifact1653,1953,1953.0
1654,artifact1654,1954,1954.0
1655,artifact1655,1955,1955.0
1656,artifact1656,1956,1956.0
1657,artifact1657,1957,1957.0
1658,artifact1658,1958,1958.0
1659,artifact1659,1959,1959.0
166,artifact166,466,466.0
1660,artifact1660,1960,1960.0
1661,artifact1661,1961,1961.0
1662,artifact1662,1962,1962.0
1663,artifact1663,1963,1963.0
1664,artifact1664,1964,1964.0
1665,artifact1665,1965,1965.0
1666,artifact1666,1966,1966.0
1667,artifact1667,1967,1967.0
1668,artifact1668,1968,1968.0
1669,artifact1669,1969,1969.0
167,artifact167,467,467.0
1670,artifact1670,1970,1970.0
1671,artifact1671,1971,1971.0
1672,artifact1672,1972,1972.0
1673,artifact1673,1973,1973.0
1674,artifact1674,1974,1974.0
1675,artifact1675,1975,1975.0
1676,artifact1676,1976,1976.0
1677,artifact1677,1977,1977.0
1678,artifact1678,1978,1978.0
1679,artifact1679,1979,1979.0
168,artifact168,468,468.0
1680,artifact1680,1980,1980.0
1681,artifact1681,1981,1981.0
1682,artifact1682,1982,1982.0
1683,artifact1683,1983,1983.0
1684,artifact1684,1984,1984.0
1685,artifact1685,1985,1985.0
1686,artifact1686,1986,1986.0
1687,artifact1687,1987,1987.0
1688,artifact1688,1988,1988.0
1689,artifact1689,1989,1989.0
169,artifact169,469,469.0
1690,artifact1690,1990,1990.0
1691,artifact1691,1991,1991.0
1692,artifact1692,1992,1992.0
1693,artifact1693,1993,1993.0
1694,artifact1694,1994,1994.0
1695,artifact1695,1995,1995.0
1696,artifact1696,1996,1996.0
1697,artifact1697,1997,1997.0
1698,artifact1698,1998,1998.0
1699,artifact1699,1999,1999.0
17,artifact17,317,317.0
170,artifact170,470,470.0
1700,artifact1700,2000,2000.0
1701,artifact1701,2001,2001.0
1702,artifact1702,2002,2002.0
1703,artifact1703,2003,2003.0
1704,artifact1704,2004,2004.0
1705,artifact1705,2005,2005.0
1706,artifact1706,2006,2006.0
1707,artifact1707,2007,2007.0
1708,artifact1708,2008,2008.0
1709,artifact1709,2009,2009.0
171,artifact171,471,471.0
1710,artifact1710,2010,2010.0
1711,artifact1711,2011,2011.0
1712,artifact1712,2012,2012.0
1713,artifact1713,2013,2013.0
1714,artifact1714,2014,2014.0
1715,artifact1715,2015,2015.0
1716,artifact1716,2016,2016.0
1717,artifact1717,2017,2017.0
1718,artifact1718,2018,2018.0
1719,artifact1719,2019,2019.0
172,artifact172,472,472.0
1720,artifact1720,2020,2020.0
1721,artifact1721,2021,2021.0
1722,artifact1722,2022,2022.0
1723,artifact1723,2023,2023.0
1724,artifact1724,2024,2024.0
1725,artifact1725,2025,2025.0
1726,artifact1726,2026,2026.0
1727,artifact1727,2027,2027.0
1728,artifact1728,2028,2028.0
1729,artifact1729,2029,2029.0
173,artifact173,473,473.0
1730,artifact1730,2030,2030.0
1731,artifact1731,2031,2031.0
1732,artifact1732,2032,2032.0
1733,artifact1733,2033,2033.0
1734,artifact1734,2034,2034.0
1735,artifact1735,2035,2035.0
1736,artifact1736,2036,2036.0
1737,artifact1737,2037,2037.0
1738,artifact1738,2038,2038.0
1739,artifact1739,2039,2039.0
174,artifact174,474,474.0
1740,artifact1740,2040,2040.0
1741,artifact1741,2041,2041.0
1742,artifact1742,2042,2042.0
1743,artifact1743,2043,2043.0
1744,artifact1744,2044,2044.0
1745,artifact1745,2045,2045.0
1746,artifact1746,2046,2046.0
1747,artifact1747,2047,2047.0
1748,artifact1748,2048,2048.0
1749,artifact1749,2049,2049.0
175,artifact175,475,475.0
1750,artifact1750,2050,2050.0
1751,artifact1751,2051,2051.0
1752,artifact1752,2052,2052.0
1753,artifact1753,2053,2053.0
1754,artifact1754,2054,2054.0
1755,artifact1755,2055,2055.0
1756,artifact1756,2056,2056.0
1757,artifact1757,2057,2057.0
1758,artifact1758,2058,2058.0
1759,artifact1759,2059,2059.0
176,artifact176,476,476.0
1760,artifact1760,2060,2060.0
1761,artifact1761,2061,2061.0
1762,artifact1762,2062,2062.0
1763,artifact1763,2063,2063.0
1764,artifact1764,2064,2064.0
1765,artifact1765,2065,2065.0
1766,artifact1766,2066,2066.0
1767,artifact1767,2067,2067.0
1768,artifact1768,2068,2068.0
1769,artifact1769,2069,2069.0
177,artifact177,477,477.0
1770,artifact1770,2070,2070.0
1771,artifact1771,2071,2071.0
1772,artifact1772,2072,2072.0
1773,artifact1773,2073,2073.0
1774,artifact1774,2074,2074.0
1775,artifact1775,2075,2075.0
1776,artifact1776,2076,2076.0
1777,artifact1777,2077,2077.0
1778,artifact1778,2078,2078.0
1779,artifact1779,2079,2079.0
178,artifact178,478,478.0
1780,artifact1780,2080,2080.0
1781,artifact1781,2081,2081.0
1782,artifact1782,2082,2082.0
1783,artifact1783,2083,2083.0
1784,artifact1784,2084,2084.0
1785,artifact1785,2085,2085.0
1786,artifact1786,2086,2086.0
1787,artifact1787,2087,2087.0
1788,artifact1788,2088,2088.0
1789,artifact1789,2089,2089.0
179,artifact179,479,479.0
1790,artifact1790,2090,2090.0
1791,artifact1791,2091,2091.0
1792,artifact1792,2092,2092.0
1793,artifact1793,2093,2093.0
1794,artifact1794,2094,2094.0
1795,artifact1795,2095,2095.0
1796,artifact1796,2096,2096.0
1797,artifact1797,2097,2097.0
1798,artifact1798,2098,2098.0
1799,artifact1799,2099,2099.0
18,artifact18,318,318.0
180,artifact180,480,480.0
1800,artifact1800,2100,2100.0
1801,artifact1801,2101,2101.0
1802,artifact1802,2102,2102.0
1803,artifact1803,2103,2103.0
1804,artifact1804,2104,2104.0
1805,artifact1805,2105,2105.0
1806,artifact1806,2106,2106.0
1807,artifact1807,2107,2107.0
1808,artifact1808,2108,2108.0
1809,artifact1809,2109,2109.0
181,artifact181,481,481.0
1810,artifact1810,2110,2110.0
1811,artifact1811,2111,2111.0
1812,artifact1812,2112,2112.0
1813,artifact1813,2113,2113.0
1814,artifact1814,2114,2114.0
1815,artifact1815,2115,2115.0
1816,artifact1816,2116,2116.0
1817,artifact1817,2117,2117.0
1818,artifact1818,2118,2118.0
1819,artifact1819,2119,2119.0
182,artifact182,482,482.0
1820,artifact1820,2120,2120.0
1821,artifact1821,2121,2121.0
1822,artifact1822,2122,2122.0
1823,artifact1823,2123,2123.0
1824,artifact1824,2124,2124.0
1825,artifact1825,2125,2125.0
1826,artifact1826,2126,2126.0
1827,artifact1827,2127,2127.0
1828,artifact1828,2128,2128.0
1829,artifact1829,2129,2129.0
183,artifact183,483,483.0
1830,artifact1830,2130,2130.0
1831,artifact1831,2131,2131.0
1832,artifact1832,2132,2132.0
1833,artifact1833,2133,2133.0
1834,artifact1834,2134,2134.0
1835,artifact1835,2135,2135.0
1836,artifact1836,2136,2136.0
1837,artifact1837,2137,2137.0
1838,artifact1838,2138,2138.0
1839,artifact1839,2139,2139.0
184,artifact184,484,484.0
1840,artifact1840,2140,2140.0
1841,artifact1841,2141,2141.0
1842,artifact1842,2142,2142.0
1843,artifact1843,2143,2143.0
1844,artifact1844,2144,2144.0
1845,artifact1845,2145,2145.0
1846,artifact1846,2146,2146.0
1847,artifact1847,2147,2147.0
1848,artifact1848,2148,2148.0
1849,artifact1849,2149,2149.0
185,artifact185,485,485.0
1850,artifact1850,2150,2150.0
1851,artifact1851,2151,2151.0
1852,artifact1852,2152,2152.0
1853,artifact1853,2153,2153.0
1854,artifact1854,2154,2154.0
1855,artifact1855,2155,2155.0
1856,artifact1856,2156,2156.0
1857,artifact1857,2157,2157.0
1858,artifact1858,2158,2158.0
1859,artifact1859,2159,2159.0
186,artifact186,486,486.0
1860,artifact1860,2160,2160.0
1861,artifact1861,2161,2161.0
1862,artifact1862,2162,2162.0
1863,artifact1863,2163,2163.0
1864,artifact1864,2164,2164.0
1865,artifact1865,2165,2165.0
1866,artifact1866,2166,2166.0
1867,artifact1867,2167,2167.0
1868,artifact1868,2168,2168.0
1869,artifact1869,2169,2169.0
187,artifact187,487,487.0
1870,artifact1870,2170,2170.0
1871,artifact1871,2171,2171.0
1872,artifact1872,2172,2172.0
1873,artifact1873,2173,2173.0
1874,artifact1874,2174,2174.0
1875,artifact1875,2175,2175.0
1876,artifact1876,2176,2176.0
1877,artifact1877,2177,2177.0
1878,artifact1878,2178,2178.0
1879,artifact1879,2179,2179.0
188,artifact188,488,488.0
1880,artifact1880,2180,2180.0
1881,artifact1881,2181,2181.0
1882,artifact1882,2182,2182.0
1883,artifact1883,2183,2183.0
1884,artifact1884,2184,2184.0
1885,artifact1885,2185,2185.0
1886,artifact1886,2186,2186.0
1887,artifact1887,2187,2187.0
1888,artifact1888,2188,2188.0
1889,artifact1889,2189,2189.0
189,artifact189,489,489.0
1890,artifact1890,2190,2190.0
1891,artifact1891,2191,2191.0
1892,artifact1892,2192,2192.0
1893,artifact1893,2193,2193.0
1894,artifact1894,2194,2194.0
1895,artifact1895,2195,2195.0
1896,artifact1896,2196,2196.0
1897,artifact1897,2197,2197.0
1898,artifact1898,2198,2198.0
1899,artifact1899,2199,2199.0
19,artifact19,319,319.0
190,artifact190,490,490.0
1900,artifact1900,2200,2200.0
1901,artifact1901,2201,2201.0
1902,artifact1902,2202,2202.0
1903,artifact1903,2203,2203.0
1904,artifact1904,2204,2204.0
1905,artifact1905,2205,2205.0
1906,artifact1906,2206,2206.0
1907,artifact1907,2207,2207.0
1908,artifact1908,2208,2208.0
1909,artifact1909,2209,2209.0
191,artifact191,491,491.0
1910,artifact1910,2210,2210.0
1911,artifact1911,2211,2211.0
1912,artifact1912,2212,2212.0
1913,artifact1913,2213,2213.0
1914,artifact1914,2214,2214.0
1915,artifact1915,2215,2215.0
1916,artifact1916,2216,2216.0
1917,artifact1917,2217,2217.0
1918,artifact1918,2218,2218.0
1919,artifact1919,2219,2219.0
192,artifact192,492,492.0
1920,artifact1920,2220,2220.0
1921,artifact1921,2221,2221.0
1922,artifact1922,2222,2222.0
1923,artifact1923,2223,2223.0
1924,artifact1924,2224,2224.0
1925,artifact1925,2225,2225.0
1926,artifact1926,2226,2226.0
1927,artifact1927,2227,2227.0
1928,artifact1928,2228,2228.0
1929,artifact1929,2229,2229.0
193,artifact193,493,493.0
1930,artifact1930,2230,2230.0
1931,artifact1931,2231,2231.0
1932,artifact1932,2232,2232.0
1933,artifact1933,2233,2233.0
1934,artifact1934,2234,2234.0
1935,artifact1935,2235,2235.0
1936,artifact1936,2236,2236.0
1937,artifact1937,2237,2237.0
1938,artifact1938,2238,2238.0
1939,artifact1939,2239,2239.0
194,artifact194,494,494.0
1940,artifact1940,2240,2240.0
1941,artifact1941,2241,2241.0
1942,artifact1942,2242,2242.0
1943,artifact1943,2243,2243.0
1944,artifact1944,2244,2244.0
1945,artifact1945,2245,2245.0
1946,artifact1946,2246,2246.0
1947,artifact1947,2247,2247.0
1948,artifact1948,2248,2248.0
1949,artifact1949,2249,2249.0
195,artifact195,495,495.0
1950,artifact1950,2250,2250.0
1951,artifact1951,2251,2251.0
1952,artifact1952,2252,2252.0
1953,artifact1953,2253,2253.0
1954,artifact1954,2254,2254.0
1955,artifact1955,2255,2255.0
1956,artifact1956,2256,2256.0
1957,artifact1957,2257,2257.0
1958,artifact1958,2258,2258.0
1959,artifact1959,2259,2259.0
196,artifact196,496,496.0
1960,artifact1960,2260,2260.0
1961,artifact1961,2261,2261.0
1962,artifact1962,2262,2262.0
1963,artifact1963,2263,2263.0
1964,artifact1964,2264,2264.0
1965,artifact1965,2265,2265.0
1966,artifact1966,2266,2266.0
1967,artifact1967,2267,2267.0
1968,artifact1968,2268,2268.0
1969,artifact1969,2269,2269.0
197,artifact197,497,497.0
1970,artifact1970,2270,2270.0
1971,artifact1971,2271,2271.0
1972,artifact1972,2272,2272.0
1973,artifact1973,2273,2273.0
1974,artifact1974,2274,2274.0
1975,artifact1975,2275,2275.0
1976,artifact1976,2276,2276.0
1977,artifact1977,2277,2277.0
1978,artifact1978,2278,2278.0
1979,artifact1979,2279,2279.0
198,artifact198,498,498.0
1980,artifact1980,2280,2280.0
1981,artifact1981,2281,2281.0
1982,artifact1982,2282,2282.0
1983,artifact1983,2283,2283.0
1984,artifact1984,2284,2284.0
1985,artifact1985,2285,2285.0
1986,artifact1986,2286,2286.0
1987,artifact1987,2287,2287.0
1988,artifact1988,2288,2288.0
1989,artifact1989,2289,2289.0
199,artifact199,499,499.0
1990,artifact1990,2290,2290.0
1991,artifact1991,2291,2291.0
1992,artifact1992,2292,2292.0
1993,artifact1993,2293,2293.0
1994,artifact1994,2294,2294.0
1995,artifact1995,2295,2295.0
1996,artifact1996,2296,2296.0
1997,artifact1997,2297,2297.0
1998,artifact1998,2298,2298.0
1999,artifact1999,2299,2299.0
2,artifact2,302,302.0
20,artifact20,320,320.0
200,artifact200,500,500.0
201,artifact201,501,501.0
202,artifact202,502,502.0
203,artifact203,503,503.0
204,artifact204,504,504.0
205,artifact205,505,505.0
206,artifact206,506,506.0
207,artifact207,507,507.0
208,artifact208,508,508.0
209,artifact209,509,509.0
21,artifact21,321,321.0
210,artifact210,510,510.0
211,artifact211,511,511.0
212,artifact212,512,512.0
213,artifact213,513,513.0
214,artifact214,514,514.0
215,artifact215,515,515.0
216,artifact216,516,516.0
217,artifact217,517,517.0
218,artifact218,518,518.0
219,artifact219,519,519.0
22,artifact22,322,322.0
220,artifact220,520,520.0
221,artifact221,521,521.0
222,artifact222,522,522.0
223,artifact223,523,523.0
224,artifact224,524,524.0
225,artifact225,525,525.0
226,artifact226,526,526.0
227,artifact227,527,527.0
228,artifact228,528,528.0
229,artifact229,529,529.0
23,artifact23,323,323.0
230,artifact230,530,530.0
231,artifact231,531,531.0
232,artifact232,532,532.0
233,artifact233,533,533.0
234,artifact234,534,534.0
235,artifact235,535,535.0
236,artifact236,536,536.0
237,artifact237,537,537.0
238,artifact238,538,538.0
239,artifact239,539,539.0
24,artifact24,324,324.0
240,artifact240,540,540.0
241,artifact241,541,541.0
242,artifact242,542,542.0
243,artifact243,543,543.0
244,artifact244,544,544.0
245,artifact245,545,545.0
246,artifact246,546,546.0
247,artifact247,547,547.0
248,artifact248,548,548.0
249,artifact249,549,549.0
25,artifact25,325,325.0
250,artifact250,550,550.0
251,artifact251,551,551.0
252,artifact252,552,552.0
253,artifact253,553,553.0
254,artifact254,554,554.0
255,artifact255,555,555.0
256,artifact256,556,556.0
257,artifact257,557,557.0
258,artifact258,558,558.0
259,artifact259,559,559.0
26,artifact26,326,326.0
260,artifact260,560,560.0
261,artifact261,561,561.0
262,artifact262,562,562.0
263,artifact263,563,563.0
264,artifact264,564,564.0
265,artifact265,565,565.0
266,artifact266,566,566.0
267,artifact267,567,567.0
268,artifact268,568,568.0
269,artifact269,569,569.0
27,artifact27,327,327.0
270,artifact270,570,570.0
271,artifact271,571,571.0
272,artifact272,572,572.0
273,artifact273,573,573.0
274,artifact274,574,574.0
275,artifact275,575,575.0
276,artifact276,576,576.0
277,artifact277,577,577.0
278,artifact278,578,578.0
279,artifact279,579,579.0
28,artifact28,328,328.0
280,artifact280,580,580.0
281,artifact281,581,581.0
282,artifact282,582,582.0
283,artifact283,583,583.0
284,artifact284,584,584.0
285,artifact285,585,585.0
286,artifact286,586,586.0
287,artifact287,587,587.0
288,artifact288,588,588.0
289,artifact289,589,589.0
29,artifact29,329,329.0
290,artifact290,590,590.0
291,artifact291,591,591.0
292,artifact292,592,592.0
293,artifact293,593,593.0
294,artifact294,594,594.0
295,artifact295,595,595.0
296,artifact296,596,596.0
297,artifact297,597,597.0
298,artifact298,598,598.0
299,artifact299,599,599.0
3,artifact3,303,303.0
30,artifact30,330,330.0
300,artifact300,600,600.0
301,artifact301,601,601.0
302,artifact302,602,602.0
303,artifact303,603,603.0
304,artifact304,604,604.0
305,artifact305,605,605.0
306,artifact306,606,606.0
307,artifact307,607,607.0
308,artifact308,608,608.0
309,artifact309,609,609.0
31,artifact31,331,331.0
310,artifact310,610,610.0
311,artifact311,611,611.0
312,artifact312,612,612.0
313,artifact313,613,613.0
314,artifact314,614,614.0
315,artifact315,615,615.0
316,artifact316,616,616.0
317,artifact317,617,617.0
318,artifact318,618,618.0
319,artifact319,619,619.0
32,artifact32,332,332.0
320,artifact320,620,620.0
321,artifact321,621,621.0
322,artifact322,622,622.0
323,artifact323,623,623.0
324,artifact324,624,624.0
325,artifact325,625,625.0
326,artifact326,626,626.0
327,artifact327,627,627.0
328,artifact328,628,628.0
329,artifact329,629,629.0
33,artifact33,333,333.0
330,artifact330,630,630.0
331,artifact331,631,631.0
332,artifact332,632,632.0
333,artifact333,633,633.0
334,artifact334,634,634.0
335,artifact335,635,635.0
336,artifact336,636,636.0
337,artifact337,637,637.0
338,artifact338,638,638.0
339,artifact339,639,639.0
34,artifact34,334,334.0
340,artifact340,640,640.0
341,artifact341,641,641.0
342,artifact342,642,642.0
343,artifact343,643,643.0
344,artifact344,644,644.0
345,artifact345,645,645.0
346,artifact346,646,646.0
347,artifact347,647,647.0
348,artifact348,648,648.0
349,artifact349,649,649.0
35,artifact35,335,335.0
350,artifact350,650,650.0
351,artifact351,651,651.0
352,artifact352,652,652.0
353,artifact353,653,653.0
354,artifact354,654,654.0
355,artifact355,655,655.0
356,artifact356,656,656.0
357,artifact357,657,657.0
358,artifact358,658,658.0
359,artifact359,659,659.0
36,artifact36,336,336.0
360,artifact360,660,660.0
361,artifact361,661,661.0
362,artifact362,662,662.0
363,artifact363,663,663.0
364,artifact364,664,664.0
365,artifact365,665,665.0
366,artifact366,666,666.0
367,artifact367,667,667.0
368,artifact368,668,668.0
369,artifact369,669,669.0
37,artifact37,337,337.0
370,artifact370,670,670.0
371,artifact371,671,671.0
372,artifact372,672,672.0
373,artifact373,673,673.0
374,artifact374,674,674.0
375,artifact375,675,675.0
376,artifact376,676,676.0
377,artifact377,677,677.0
378,artifact378,678,678.0
379,artifact379,679,679.0
38,artifact38,338,338.0
380,artifact380,680,680.0
381,artifact381,681,681.0
382,artifact382,682,682.0
383,artifact383,683,683.0
384,artifact384,684,684.0
385,artifact385,685,685.0
386,artifact386,686,686.0
387,artifact387,687,687.0
388,artifact388,688,688.0
389,artifact389,689,689.0
39,artifact39,339,339.0
390,artifact390,690,690.0
391,artifact391,691,691.0
392,artifact392,692,692.0
393,artifact393,693,693.0
394,artifact394,694,694.0
395,artifact395,695,695.0
396,artifact396,696,696.0
397,artifact397,697,697.0
398,artifact398,698,698.0
399,artifact399,699,699.0
4,artifact4,304,304.0
40,artifact40,340,340.0
400,artifact400,700,700.0
401,artifact401,701,701.0
402,artifact402,702,702.0
403,artifact403,703,703.0
404,artifact404,704,704.0
405,artifact405,705,705.0
406,artifact406,706,706.0
407,artifact407,707,707.0
408,artifact408,708,708.0
409,artifact409,709,709.0
41,artifact41,341,341.0
410,artifact410,710,710.0
411,artifact411,711,711.0
412,artifact412,712,712.0
413,artifact413,713,713.0
414,artifact414,714,714.0
415,artifact415,715,715.0
416,artifact416,716,716.0
417,artifact417,717,717.0
418,artifact418,718,718.0
419,artifact419,719,719.0
42,artifact42,342,342.0
420,artifact420,720,720.0
421,artifact421,721,721.0
422,artifact422,722,722.0
423,artifact423,723,723.0
424,artifact424,724,724.0
425,artifact425,725,725.0
426,artifact426,726,726.0
427,artifact427,727,727.0
428,artifact428,728,728.0
429,artifact429,729,729.0
43,artifact43,343,343.0
430,artifact430,730,730.0
431,artifact431,731,731.0
432,artifact432,732,732.0
433,artifact433,733,733.0
434,artifact434,734,734.0
435,artifact435,735,735.0
436,artifact436,736,736.0
437,artifact437,737,737.0
438,artifact438,738,738.0
439,artifact439,739,739.0
44,artifact44,344,344.0
440,artifact440,740,740.0
441,artifact441,741,741.0
442,artifact442,742,742.0
443,artifact443,743,743.0
444,artifact444,744,744.0
445,artifact445,745,745.0
446,artifact446,746,746.0
447,artifact447,747,747.0
448,artifact448,748,748.0
449,artifact449,749,749.0
45,artifact45,345,345.0
450,artifact450,750,750.0
451,artifact451,751,751.0
452,artifact452,752,752.0
453,artifact453,753,753.0
454,artifact454,754,754.0
455,artifact455,755,755.0
456,artifact456,756,756.0
457,artifact457,757,757.0
458,artifact458,758,758.0
459,artifact459,759,759.0
46,artifact46,346,346.0
460,artifact460,760,760.0
461,artifact461,761,761.0
462,artifact462,762,762.0
463,artifact463,763,763.0
464,artifact464,764,764.0
465,artifact465,765,765.0
466,artifact466,766,766.0
467,artifact467,767,767.0
468,artifact468,768,768.0
469,artifact469,769,769.0
47,artifact47,347,347.0
470,artifact470,770,770.0
471,artifact471,771,771.0
472,artifact472,772,772.0
473,artifact473,773,773.0
474,artifact474,774,774.0
475,artifact475,775,775.0
476,artifact476,776,776.0
477,artifact477,777,777.0
478,artifact478,778,778.0
479,artifact479,779,779.0
48,artifact48,348,348.0
480,artifact480,780,780.0
481,artifact481,781,781.0
482,artifact482,782,782.0
483,artifact483,783,783.0
484,artifact484,784,784.0
485,artifact485,785,785.0
486,artifact486,786,786.0
487,artifact487,787,787.0
488,artifact488,788,788.0
489,artifact489,789,789.0
49,artifact49,349,349.0
490,artifact490,790,790.0
491,artifact491,791,791.0
492,artifact492,792,792.0
493,artifact493,793,793.0
494,artifact494,794,794.0
495,artifact495,795,795.0
496,artifact496,796,796.0
497,artifact497,797,797.0
498,artifact498,798,798.0
499,artifact499,799,799.0
5,artifact5,305,305.0
50,artifact50,350,350.0
500,artifact500,800,800.0
501,artifact501,801,801.0
502,artifact502,802,802.0
503,artifact503,803,803.0
504,artifact504,804,804.0
505,artifact505,805,805.0
506,artifact506,806,806.0
507,artifact507,807,807.0
508,artifact508,808,808.0
509,artifact509,809,809.0
51,artifact51,351,351.0
510,artifact510,810,810.0
511,artifact511,811,811.0
512,artifact512,812,812.0
513,artifact513,813,813.0
514,artifact514,814,814.0
515,artifact515,815,815.0
516,artifact516,816,816.0
517,artifact517,817,817.0
518,artifact518,818,818.0
519,artifact519,819,819.0
52,artifact52,352,352.0
520,artifact520,820,820.0
521,artifact521,821,821.0
522,artifact522,822,822.0
523,artifact523,823,823.0
524,artifact524,824,824.0
525,artifact525,825,825.0
526,artifact526,826,826.0
527,artifact527,827,827.0
528,artifact528,828,828.0
529,artifact529,829,829.0
53,artifact53,353,353.0
530,artifact530,830,830.0
531,artifact531,831,831.0
532,artifact532,832,832.0
533,artifact533,833,833.0
534,artifact534,834,834.0
535,artifact535,835,835.0
536,artifact536,836,836.0
537,artifact537,837,837.0
538,artifact538,838,838.0
539,artifact539,839,839.0
54,artifact54,354,354.0
540,artifact540,840,840.0
541,artifact541,841,841.0
542,artifact542,842,842.0
543,artifact543,843,843.0
544,artifact544,844,844.0
545,artifact545,845,845.0
546,artifact546,846,846.0
547,artifact547,847,847.0
548,artifact548,848,848.0
549,artifact549,849,849.0
55,artifact55,355,355.0
550,artifact550,850,850.0
551,artifact551,851,851.0
552,artifact552,852,852.0
553,artifact553,853,853.0
554,artifact554,854,854.0
555,artifact555,855,855.0
556,artifact556,856,856.0
557,artifact557,857,857.0
558,artifact558,858,858.0
559,artifact559,859,859.0
56,artifact56,356,356.0
560,artifact560,860,860.0
561,artifact561,861,861.0
562,artifact562,862,862.0
563,artifact563,863,863.0
564,artifact564,864,864.0
565,artifact565,865,865.0
566,artifact566,866,866.0
567,artifact567,867,867.0
568,artifact568,868,868.0
569,artifact569,869,869.0
57,artifact57,357,357.0
570,artifact570,870,870.0
571,artifact571,871,871.0
572,artifact572,872,872.0
573,artifact573,873,873.0
574,artifact574,874,874.0
575,artifact575,875,875.0
576,artifact576,876,876.0
577,artifact577,877,877.0
578,artifact578,878,878.0
579,artifact579,879,879.0
58,artifact58,358,358.0
580,artifact580,880,880.0
581,artifact581,881,881.0
582,artifact582,882,882.0
583,artifact583,883,883.0
584,artifact584,884,884.0
585,artifact585,885,885.0
586,artifact586,886,886.0
587,artifact587,887,887.0
588,artifact588,888,888.0
589,artifact589,889,889.0
59,artifact59,359,359.0
590,artifact590,890,890.0
591,artifact591,891,891.0
592,artifact592,892,892.0
593,artifact593,893,893.0
594,artifact594,894,894.0
595,artifact595,895,895.0
596,artifact596,896,896.0
597,artifact597,897,897.0
598,artifact598,898,898.0
599,artifact599,899,899.0
6,artifact6,306,306.0
60,artifact60,360,360.0
600,artifact600,900,900.0
601,artifact601,901,901.0
602,artifact602,902,902.0
603,artifact603,903,903.0
604,artifact604,904,904.0
605,artifact605,905,905.0
606,artifact606,906,906.0
607,artifact607,907,907.0
608,artifact608,908,908.0
609,artifact609,909,909.0
61,artifact61,361,361.0
610,artifact610,910,910.0
611,artifact611,911,911.0
612,artifact612,912,912.0
613,artifact613,913,913.0
614,artifact614,914,914.0
615,artifact615,915,915.0
616,artifact616,916,916.0
617,artifact617,917,917.0
618,artifact618,918,918.0
619,artifact619,919,919.0
62,artifact62,362,362.0
620,artifact620,920,920.0
621,artifact621,921,921.0
622,artifact622,922,922.0
623,artifact623,923,923.0
624,artifact624,924,924.0
625,artifact625,925,925.0
626,artifact626,926,926.0
627,artifact627,927,927.0
628,artifact628,928,928.0
629,artifact629,929,929.0
63,artifact63,363,363.0
630,artifact630,930,930.0
631,artifact631,931,931.0
632,artifact632,932,932.0
633,artifact633,933,933.0
634,artifact634,934,934.0
635,artifact635,935,935.0
636,artifact636,936,936.0
637,artifact637,937,937.0
638,artifact638,938,938.0
639,artifact639,939,939.0
64,artifact64,364,364.0
640,artifact640,940,940.0
641,artifact641,941,941.0
642,artifact642,942,942.0
643,artifact643,943,943.0
644,artifact644,944,944.0
645,artifact645,945,945.0
646,artifact646,946,946.0
647,artifact647,947,947.0
648,artifact648,948,948.0
649,artifact649,949,949.0
65,artifact65,365,365.0
650,artifact650,950,950.0
651,artifact651,951,951.0
652,artifact652,952,952.0
653,artifact653,953,953.0
654,artifact654,954,954.0
655,artifact655,955,955.0
656,artifact656,956,956.0
657,artifact657,957,957.0
658,artifact658,958,958.0
659,artifact659,959,959.0
66,artifact66,366,366.0
660,artifact660,960,960.0
661,artifact661,961,961.0
662,artifact662,962,962.0
663,artifact663,963,963.0
664,artifact664,964,964.0
665,artifact665,965,965.0
666,artifact666,966,966.0
667,artifact667,967,967.0
668,artifact668,968,968.0
669,artifact669,969,969.0
67,artifact67,367,367.0
670,artifact670,970,970.0
671,artifact671,971,971.0
672,artifact672,972,972.0
673,artifact673,973,973.0
674,artifact674,974,974.0
675,artifact675,975,975.0
676,artifact676,976,976.0
677,artifact677,977,977.0
678,artifact678,978,978.0
679,artifact679,979,979.0
68,artifact68,368,368.0
680,artifact680,980,980.0
681,artifact681,981,981.0
682,artifact682,982,982.0
683,artifact683,983,983.0
684,artifact684,984,984.0
685,artifact685,985,985.0
686,artifact686,986,986.0
687,artifact687,987,987.0
688,artifact688,988,988.0
689,artifact689,989,989.0
69,artifact69,369,369.0
690,artifact690,990,990.0
691,artifact691,991,991.0
692,artifact692,992,992.0
693,artifact693,993,993.0
694,artifact694,994,994.0
695,artifact695,995,995.0
696,artifact696,996,996.0
697,artifact697,997,997.0
698,artifact698,998,998.0
699,artifact699,999,999.0
7,artifact7,307,307.0
70,artifact70,370,370.0
700,artifact700,1000,1000.0
701,artifact701,1001,1001.0
702,artifact702,1002,1002.0
703,artifact703,1003,1003.0
704,artifact704,1004,1004.0
705,artifact705,1005,1005.0
706,artifact706,1006,1006.0
707,artifact707,1007,1007.0
708,artifact708,1008,1008.0
709,artifact709,1009,1009.0
71,artifact71,371,371.0
710,artifact710,1010,1010.0
711,artifact711,1011,1011.0
712,artifact712,1012,1012.0
713,artifact713,1013,1013.0
714,artifact714,1014,1014.0
715,artifact715,1015,1015.0
716,artifact716,1016,1016.0
717,artifact717,1017,1017.0
718,artifact718,1018,1018.0
719,artifact719,1019,1019.0
72,artifact72,372,372.0
720,artifact720,1020,1020.0
721,artifact721,1021,1021.0
722,artifact722,1022,1022.0
723,artifact723,1023,1023.0
724,artifact724,1024,1024.0
725,artifact725,1025,1025.0
726,artifact726,1026,1026.0
727,artifact727,1027,1027.0
728,artifact728,1028,1028.0
729,artifact729,1029,1029.0
73,artifact73,373,373.0
730,artifact730,1030,1030.0
731,artifact731,1031,1031.0
732,artifact732,1032,1032.0
733,artifact733,1033,1033.0
734,artifact734,1034,1034.0
735,artifact735,1035,1035.0
736,artifact736,1036,1036.0
737,artifact737,1037,1037.0
738,artifact738,1038,1038.0
739,artifact739,1039,1039.0
74,artifact74,374,374.0
740,artifact740,1040,1040.0
741,artifact741,1041,1041.0
742,artifact742,1042,1042.0
743,artifact743,1043,1043.0
744,artifact744,1044,1044.0
745,artifact745,1045,1045.0
746,artifact746,1046,1046.0
747,artifact747,1047,1047.0
748,artifact748,1048,1048.0
749,artifact749,1049,1049.0
75,artifact75,375,375.0
750,artifact750,1050,1050.0
751,artifact751,1051,1051.0
752,artifact752,1052,1052.0
753,artifact753,1053,1053.0
754,artifact754,1054,1054.0
755,artifact755,1055,1055.0
756,artifact756,1056,1056.0
757,artifact757,1057,1057.0
758,artifact758,1058,1058.0
759,artifact759,1059,1059.0
76,artifact76,376,376.0
760,artifact760,1060,1060.0
761,artifact761,1061,1061.0
762,artifact762,1062,1062.0
763,artifact763,1063,1063.0
764,artifact764,1064,1064.0
765,artifact765,1065,1065.0
766,artifact766,1066,1066.0
767,artifact767,1067,1067.0
768,artifact768,1068,1068.0
769,artifact769,1069,1069.0
77,artifact77,377,377.0
770,artifact770,1070,1070.0
771,artifact771,1071,1071.0
772,artifact772,1072,1072.0
773,artifact773,1073,1073.0
774,artifact774,1074,1074.0
775,artifact775,1075,1075.0
776,artifact776,1076,1076.0
777,artifact777,1077,1077.0
778,artifact778,1078,1078.0
779,artifact779,1079,1079.0
78,artifact78,378,378.0
780,artifact780,1080,1080.0
781,artifact781,1081,1081.0
782,artifact782,1082,1082.0
783,artifact783,1083,1083.0
784,artifact784,1084,1084.0
785,artifact785,1085,1085.0
786,artifact786,1086,1086.0
787,artifact787,1087,1087.0
788,artifact788,1088,1088.0
789,artifact789,1089,1089.0
79,artifact79,379,379.0
790,artifact790,1090,1090.0
791,artifact791,1091,1091.0
792,artifact792,1092,1092.0
793,artifact793,1093,1093.0
794,artifact794,1094,1094.0
795,artifact795,1095,1095.0
796,artifact796,1096,1096.0
797,artifact797,1097,1097.0
798,artifact798,1098,1098.0
799,artifact799,1099,1099.0
8,artifact8,308,308.0
80,artifact80,380,380.0
800,artifact800,1100,1100.0
801,artifact801,1101,1101.0
802,artifact802,1102,1102.0
803,artifact803,1103,1103.0
804,artifact804,1104,1104.0
805,artifact805,1105,1105.0
806,artifact806,1106,1106.0
807,artifact807,1107,1107.0
808,artifact808,1108,1108.0
809,artifact809,1109,1109.0
81,artifact81,381,381.0
810,artifact810,1110,1110.0
811,artifact811,1111,1111.0
812,artifact812,1112,1112.0
813,artifact813,1113,1113.0
814,artifact814,1114,1114.0
815,artifact815,1115,1115.0
816,artifact816,1116,1116.0
817,artifact817,1117,1117.0
818,artifact818,1118,1118.0
819,artifact819,1119,1119.0
82,artifact82,382,382.0
820,artifact820,1120,1120.0
821,artifact821,1121,1121.0
822,artifact822,1122,1122.0
823,artifact823,1123,1123.0
824,artifact824,1124,1124.0
825,artifact825,1125,1125.0
826,artifact826,1126,1126.0
827,artifact827,1127,1127.0
828,artifact828,1128,1128.0
829,artifact829,1129,1129.0
83,artifact83,383,383.0
830,artifact830,1130,1130.0
831,artifact831,1131,1131.0
832,artifact832,1132,1132.0
833,artifact833,1133,1133.0
834,artifact834,1134,1134.0
835,artifact835,1135,1135.0
836,artifact836,1136,1136.0
837,artifact837,1137,1137.0
838,artifact838,1138,1138.0
839,artifact839,1139,1139.0
84,artifact84,384,384.0
840,artifact840,1140,1140.0
841,artifact841,1141,1141.0
842,artifact842,1142,1142.0
843,artifact843,1143,1143.0
844,artifact844,1144,1144.0
845,artifact845,1145,1145.0
846,artifact846,1146,1146.0
847,artifact847,1147,1147.0
848,artifact848,1148,1148.0
849,artifact849,1149,1149.0
85,artifact85,385,385.0
850,artifact850,1150,1150.0
851,artifact851,1151,1151.0
852,artifact852,1152,1152.0
853,artifact853,1153,1153.0
854,artifact854,1154,1154.0
855,artifact855,1155,1155.0
856,artifact856,1156,1156.0
857,artifact857,1157,1157.0
858,artifact858,1158,1158.0
859,artifact859,1159,1159.0
86,artifact86,386,386.0
860,artifact860,1160,1160.0
861,artifact861,1161,1161.0
862,artifact862,1162,1162.0
863,artifact863,1163,1163.0
864,artifact864,1164,1164.0
865,artifact865,1165,1165.0
866,artifact866,1166,1166.0
867,artifact867,1167,1167.0
868,artifact868,1168,1168.0
869,artifact869,1169,1169.0
87,artifact87,387,387.0
870,artifact870,1170,1170.0
871,artifact871,1171,1171.0
872,artifact872,1172,1172.0
873,artifact873,1173,1173.0
874,artifact874,1174,1174.0
875,artifact875,1175,1175.0
876,artifact876,1176,1176.0
877,artifact877,1177,1177.0
878,artifact878,1178,1178.0
879,artifact879,1179,1179.0
88,artifact88,388,388.0
880,artifact880,1180,1180.0
881,artifact881,1181,1181.0
882,artifact882,1182,1182.0
883,artifact883,1183,1183.0
884,artifact884,1184,1184.0
885,artifact885,1185,1185.0
886,artifact886,1186,1186.0
887,artifact887,1187,1187.0
888,artifact888,1188,1188.0
889,artifact889,1189,1189.0
89,artifact89,389,389.0
890,artifact890,1190,1190.0
891,artifact891,1191,1191.0
892,artifact892,1192,1192.0
893,artifact893,1193,1193.0
894,artifact894,1194,1194.0
895,artifact895,1195,1195.0
896,artifact896,1196,1196.0
897,artifact897,1197,1197.0
898,artifact898,1198,1198.0
899,artifact899,1199,1199.0
9,artifact9,309,309.0
90,artifact90,390,390.0
900,artifact900,1200,1200.0
901,artifact901,1201,1201.0
902,artifact902,1202,1202.0
903,artifact903,1203,1203.0
904,artifact904,1204,1204.0
905,artifact905,1205,1205.0
906,artifact906,1206,1206.0
907,artifact907,1207,1207.0
908,artifact908,1208,1208.0
909,artifact909,1209,1209.0
91,artifact91,391,391.0
910,artifact910,1210,1210.0
911,artifact911,1211,1211.0
912,artifact912,1212,1212.0
913,artifact913,1213,1213.0
914,artifact914,1214,1214.0
915,artifact915,1215,1215.0
916,artifact916,1216,1216.0
917,artifact917,1217,1217.0
918,artifact918,1218,1218.0
919,artifact919,1219,1219.0
92,artifact92,392,392.0
920,artifact920,1220,1220.0
921,artifact921,1221,1221.0
922,artifact922,1222,1222.0
923,artifact923,1223,1223.0
924,artifact924,1224,1224.0
925,artifact925,1225,1225.0
926,artifact926,1226,1226.0
927,artifact927,1227,1227.0
928,artifact928,1228,1228.0
929,artifact929,1229,1229.0
93,artifact93,393,393.0
930,artifact930,1230,1230.0
931,artifact931,1231,1231.0
932,artifact932,1232,1232.0
933,artifact933,1233,1233.0
934,artifact934,1234,1234.0
935,artifact935,1235,1235.0
936,artifact936,1236,1236.0
937,artifact937,1237,1237.0
938,artifact938,1238,1238.0
939,artifact939,1239,1239.0
94,artifact94,394,394.0
940,artifact940,1240,1240.0
941,artifact941,1241,1241.0
942,artifact942,1242,1242.0
943,artifact943,1243,1243.0
944,artifact944,1244,1244.0
945,artifact945,1245,1245.0
946,artifact946,1246,1246.0
947,artifact947,1247,1247.0
948,artifact948,1248,1248.0
949,artifact949,1249,1249.0
95,artifact95,395,395.0
950,artifact950,1250,1250.0
951,artifact951,1251,1251.0
952,artifact952,1252,1252.0
953,artifact953,1253,1253.0
954,artifact954,1254,1254.0
955,artifact955,1255,1255.0
956,artifact956,1256,1256.0
957,artifact957,1257,1257.0
958,artifact958,1258,1258.0
959,artifact959,1259,1259.0
96,artifact96,396,396.0
960,artifact960,1260,1260.0
961,artifact961,1261,1261.0
962,artifact962,1262,1262.0
963,artifact963,1263,1263.0
964,artifact964,1264,1264.0
965,artifact965,1265,1265.0
966,artifact966,1266,1266.0
967,artifact967,1267,1267.0
968,artifact968,1268,1268.0
969,artifact969,1269,1269.0
97,artifact97,397,397.0
970,artifact970,1270,1270.0
971,artifact971,1271,1271.0
972,artifact972,1272,1272.0
973,artifact973,1273,1273.0
974,artifact974,1274,1274.0
975,artifact975,1275,1275.0
976,artifact976,1276,1276.0
977,artifact977,1277,1277.0
978,artifact978,1278,1278.0
979,artifact979,1279,1279.0
98,artifact98,398,398.0
980,artifact980,1280,1280.0
981,artifact981,1281,1281.0
982,artifact982,1282,1282.0
983,artifact983,1283,1283.0
984,artifact984,1284,1284.0
985,artifact985,1285,1285.0
986,artifact986,1286,1286.0
987,artifact987,1287,1287.0
988,artifact988,1288,1288.0
989,artifact989,1289,1289.0
99,artifact99,399,399.0
990,artifact990,1290,1290.0
991,artifact991,1291,1291.0
992,artifact992,1292,1292.0
993,artifact993,1293,1293.0
994,artifact994,1294,1294.0
995,artifact995,1295,1295.0
996,artifact996,1296,1296.0
997,artifact997,1297,1297.0
998,artifact998,1298,1298.0
999,artifact999,1299,1299.0
